date,thermal_peak_mw,thermal_min_mw,thermal_mean_mw,thermal_peak_units,thermal_min_units,valley,peak,has_floor
2024-06-08,36608.12,20030.92,29252.96541666667,104.0,90.0,21898.58,43206.4,True
2024-06-09,37792.88,17688.72,28313.20583333333,108.0,103.0,19865.1,45196.21,True
2024-06-10,35368.24,18128.52,28051.925,109.0,101.0,22806.96,46522.53,True
2024-06-12,38055.48,21244.56,30139.354166666668,109.0,91.0,23094.28,45801.81,False
2024-06-13,40308.64,22207.84,32140.059999999998,118.0,105.0,23420.88,46247.32,True
2024-06-14,46211.36,32328.0,40227.707083333335,133.0,112.0,36012.69,56512.36,False
2024-06-15,46155.76,24383.08,37303.80291666667,128.0,126.0,28921.43,53826.52,False
2024-06-16,46272.88,25952.12,36689.488333333335,130.0,125.0,31530.33,51136.57,False
2024-06-17,43659.4,22957.36,33725.79416666667,127.0,124.0,28891.3,52832.51,True
2024-06-18,38538.16,20829.52,30213.725000000002,130.0,116.0,24375.19,47824.53,True
2024-06-19,36868.76,19915.0,28609.88625,119.0,115.0,26306.46,50470.76,True
2024-06-20,41079.88,26268.6,34404.214583333334,117.0,114.0,27800.23,51480.86,False
2024-06-21,46108.16,33094.44,40950.00083333333,118.0,115.0,37861.18,52269.84,False
2024-06-22,44701.24,30266.88,37731.56166666667,132.0,120.0,33103.75,58541.8,False
2024-06-23,39521.92,18159.52,27920.48166666667,132.0,100.0,18570.62,46302.63,True
2024-06-24,40779.92,20614.04,31196.190416666665,107.0,101.0,22720.93,51878.29,True
2024-06-25,41179.96,22053.24,30455.596666666665,105.0,98.0,24567.23,48077.93,False
2024-06-26,34011.4,20473.44,27986.962083333332,100.0,95.0,24393.26,45415.78,True
2024-06-27,33876.24,18467.92,26738.47708333333,98.0,93.0,24762.71,47955.44,True
2024-06-28,32666.88,19407.72,26507.584583333333,99.0,93.0,23443.62,41541.07,True
2024-06-29,37761.8,26467.48,33055.14833333334,94.0,93.0,34125.14,46053.17,False
2024-06-30,38461.16,19957.56,30282.037083333333,99.0,93.0,24647.98,47871.38,True
2024-07-01,38379.36,28766.2,33457.53625,100.0,98.0,38132.41,47603.29,False
2024-07-02,34740.6,24749.2,28457.5125,100.0,94.0,30517.25,46980.47,True
2024-07-03,31813.88,14393.0,24303.727499999997,100.0,80.0,14525.69,42242.75,True
2024-07-04,32978.76,23689.56,28971.3925,89.0,85.0,31455.74,42503.51,True
2024-07-05,34328.32,25191.24,29356.648749999997,94.0,87.0,20674.79,43217.07,False
2024-07-06,35884.88,16189.0,24291.41791666667,96.0,90.0,13309.16,44641.51,True
2024-07-07,35874.32,22723.8,30269.2225,96.0,92.0,33428.63,44257.94,False
2024-07-08,35806.56,27871.04,31440.318750000002,98.0,96.0,33591.61,44143.64,False
2024-07-09,34590.64,18608.8,26656.645416666666,101.0,94.0,22211.09,49377.2,True
2024-07-10,36341.36,13970.0,26219.547083333335,101.0,78.0,18981.31,49330.31,True
2024-07-11,36822.72,18823.76,28860.760416666668,103.0,100.0,21574.81,48242.57,True
2024-07-12,36222.32,17828.0,28856.54375,106.0,99.0,25149.85,49657.59,True
2024-07-13,37180.6,23610.8,31002.165833333333,107.0,93.0,21848.77,47181.27,False
2024-07-14,37841.4,19633.88,28802.437083333334,95.0,93.0,20631.43,47308.26,True
2024-07-15,38518.6,25345.24,31553.157083333335,93.0,93.0,24293.68,45081.87,False
2024-07-16,37724.48,29023.16,32752.26958333333,95.0,92.0,35965.51,46851.79,False
2024-07-17,36734.04,30598.64,33988.190833333334,105.0,95.0,40263.79,47572.49,False
2024-07-18,43190.52,29041.36,35572.74333333333,111.0,104.0,29478.14,51793.6,True
2024-07-19,38866.88,23407.0,31443.859583333335,113.0,108.0,30169.47,48807.64,False
2024-07-20,46095.76,30049.2,37767.37708333333,130.0,114.0,37980.75,55469.29,True
2024-07-21,39260.76,22549.48,31016.773333333334,130.0,118.0,29925.02,51702.98,True
2024-07-22,43000.76,25898.76,34009.13291666666,121.0,119.0,36381.47,52918.97,False
2024-07-23,55220.6,33326.72,45418.44541666666,155.0,123.0,43611.15,65188.58,False
2024-07-24,51469.56,31536.08,41947.30625,153.0,147.0,42749.03,64632.97,False
2024-07-25,46686.8,28561.12,38994.043333333335,148.0,132.0,41570.68,57542.87,False
2024-07-26,42462.48,28859.76,36744.01333333333,131.0,124.0,41582.27,52603.6,False
2024-07-27,34300.76,23276.32,29143.398333333334,125.0,107.0,34323.04,42311.74,False
2024-07-28,37900.2,23320.32,29757.380416666667,109.0,107.0,31833.52,45714.78,False
2024-07-29,49685.8,27193.04,36497.06291666667,131.0,113.0,35040.05,57160.39,False
2024-07-30,48636.68,28714.84,38209.19458333334,155.0,131.0,32548.81,61065.86,False
2024-07-31,44198.12,24724.08,33604.690833333334,155.0,150.0,31061.3,60350.9,True
2024-08-01,51670.48,33140.36,41052.74041666667,151.0,149.0,40325.23,62242.51,False
2024-08-02,57082.76,34881.8,44417.2175,155.0,149.0,41237.11,69267.6,False
2024-08-03,54984.92,36220.16,45920.44,155.0,152.0,41400.44,64097.28,False
2024-08-04,55893.68,33607.68,43061.28166666667,152.0,152.0,40622.22,64094.33,False
2024-08-05,59967.36,42325.16,50255.47541666666,156.0,153.0,46343.52,69308.58,False
2024-08-06,54655.28,36489.36,43128.44541666666,156.0,150.0,42727.53,62528.07,False
2024-08-07,51165.28,33767.24,42028.43875,150.0,147.0,40021.93,61446.25,False
2024-08-08,52871.08,35259.44,42932.37708333333,147.0,145.0,40622.38,62085.06,False
2024-08-09,50927.24,34157.52,43040.105,146.0,145.0,43178.66,61192.9,False
2024-08-10,48289.56,28312.6,36340.081249999996,146.0,139.0,37901.28,58396.6,False
2024-08-11,49378.84,25008.52,35581.58041666667,141.0,139.0,30094.36,61960.11,True
2024-08-12,51683.56,28404.76,39746.45208333333,145.0,141.0,34078.15,66273.41,False
2024-08-13,51227.08,30074.96,40828.385833333334,145.0,138.0,33676.67,61279.04,False
2024-08-14,55535.32,35339.52,44233.43541666667,146.0,139.0,39754.33,63532.78,False
2024-08-15,53592.4,32359.6,42832.95333333333,146.0,145.0,37979.55,63385.4,False
2024-08-16,53832.28,31121.92,42412.03916666666,146.0,145.0,36657.69,63300.48,False
2024-08-17,54631.52,32772.2,43582.005833333336,147.0,146.0,37656.06,65055.16,False
2024-08-18,51756.12,34115.56,43062.684166666666,147.0,143.0,38392.15,61800.72,False
2024-08-19,48707.4,36860.76,42872.479583333334,143.0,140.0,45765.8,61235.93,False
2024-08-20,42608.12,31409.48,37429.184583333335,143.0,138.0,43880.7,57610.54,False
2024-08-21,50860.88,29252.6,40174.47875,141.0,138.0,38057.38,63281.22,False
2024-08-22,54135.48,30714.84,42331.54541666667,145.0,141.0,36906.58,64827.2,False
2024-08-23,54711.12,35136.88,44303.229583333334,147.0,144.0,39170.84,67696.84,False
2024-08-24,58372.16,39061.6,49081.706666666665,154.0,148.0,39295.62,69064.71,False
2024-08-25,55350.92,38881.92,47870.16583333333,153.0,151.0,43189.96,64669.14,False
2024-08-26,47221.36,30330.16,38408.903333333335,151.0,133.0,44881.76,53513.39,True
2024-08-27,31563.92,20983.92,25150.820416666666,133.0,106.0,22421.62,46254.24,True
2024-08-28,37556.96,17046.0,27232.53458333333,110.0,102.0,20550.97,51883.08,True
2024-08-29,42498.08,20643.08,33327.39708333334,117.0,108.0,24358.11,55323.27,True
2024-08-30,45155.52,23563.32,36225.16291666667,130.0,116.0,26182.63,56262.44,False
2024-08-31,48303.56,25951.04,38492.41166666667,133.0,127.0,26109.67,57879.45,False
2024-09-01,42778.92,33865.04,38448.4125,133.0,130.0,38590.55,54020.17,False
2024-09-02,37547.08,22215.56,27806.075,131.0,105.0,27618.99,46157.95,False
2024-09-03,41384.48,20962.32,32030.155416666665,116.0,105.0,25335.88,51974.3,False
2024-09-04,40535.0,20539.72,31513.722916666666,119.0,115.0,27005.42,53427.97,False
2024-09-05,35069.44,27568.52,32151.714583333334,119.0,106.0,35316.0,41504.05,False
2024-09-06,35850.72,17294.2,26901.099166666667,105.0,101.0,23149.05,47724.65,True
2024-09-07,40132.12,20739.92,31283.804999999997,105.0,101.0,27086.61,51094.89,False
2024-09-08,43156.72,24751.12,33581.03166666667,114.0,104.0,27408.83,50183.25,False
2024-09-09,45791.2,27411.16,35140.95166666667,128.0,113.0,30670.65,56231.57,False
2024-09-10,40898.68,32617.6,36369.32041666667,127.0,115.0,37853.47,49736.84,False
2024-09-11,39819.24,28972.88,35028.85208333333,115.0,113.0,35913.17,48121.54,False
2024-09-12,40816.64,26880.32,33573.70208333333,117.0,115.0,33987.9,50895.63,False
2024-09-13,41234.4,32959.68,37426.825000000004,117.0,110.0,38554.61,49044.56,False
2024-09-14,35734.16,24005.44,28477.727916666667,111.0,90.0,30119.05,41011.59,False
2024-09-15,32325.32,14468.0,22693.51,92.0,85.0,17375.35,43691.32,True
2024-09-16,32922.48,16233.04,26986.773749999997,92.0,86.0,16186.43,41958.86,True
2024-09-17,31302.76,18937.76,25852.665416666667,91.0,86.0,19647.78,37121.76,False
2024-09-18,39692.4,25649.76,33440.97416666667,102.0,90.0,29802.39,45863.22,False
2024-09-19,46677.72,36967.36,40685.769166666665,131.0,101.0,44708.58,57834.69,False
2024-09-20,41630.44,21952.28,33021.45916666667,127.0,98.0,30387.59,46896.84,False
2024-09-21,26168.8,13983.96,19281.709583333333,96.0,79.0,9904.49,36546.18,True
2024-09-22,30889.72,13932.44,22458.790833333333,80.0,78.0,8324.74,41038.43,True
2024-09-23,38926.72,18103.84,30939.882916666666,101.0,83.0,20138.11,49452.42,True
2024-09-24,38350.44,19094.16,31226.786666666667,110.0,102.0,22577.87,50259.72,True
2024-09-25,39314.48,18836.76,31182.898333333334,110.0,106.0,24241.11,49241.72,False
2024-09-26,38080.68,20529.36,31774.71416666667,107.0,102.0,25639.53,48538.17,False
2024-09-27,37831.28,21075.84,31488.149166666666,104.0,99.0,23135.29,49068.95,False
2024-09-28,38653.88,20606.72,31492.924166666668,106.0,100.0,23368.56,48239.43,False
2024-09-29,37990.2,20220.32,30996.52125,111.0,102.0,22389.23,48533.06,False
2024-09-30,31604.72,21250.72,28846.789999999997,110.0,89.0,31049.31,41236.24,False
2024-10-01,22729.96,10149.4,15300.140416666667,91.0,60.0,-7307.38,29071.05,True
2024-10-02,28672.56,11154.16,19655.43625,81.0,64.0,4563.89,40028.51,True
2024-10-03,30764.2,13143.72,22770.3,83.0,77.0,7066.12,42715.14,True
2024-10-04,29840.92,13779.2,22210.336666666666,87.0,80.0,4986.93,39912.79,True
2024-10-05,31978.24,15093.64,25073.6075,89.0,86.0,16164.18,43628.48,True
2024-10-06,32282.32,18098.28,26857.500833333335,90.0,87.0,25387.93,42746.62,False
2024-10-07,31954.36,18159.92,25356.02291666667,91.0,88.0,20645.2,40581.05,False
2024-10-08,34258.92,14729.8,25632.147500000003,99.0,92.0,14063.69,44393.85,True
2024-10-09,31656.4,16330.8,25331.912083333333,100.0,92.0,16420.29,42869.56,False
2024-10-10,32147.96,14570.32,23430.109583333335,96.0,92.0,11317.35,40521.9,True
2024-10-11,32542.16,14816.8,24875.555833333332,93.0,93.0,12436.81,43044.31,True
2024-10-12,31374.6,16156.24,25528.385416666668,92.0,87.0,16698.98,41446.1,False
2024-10-13,31690.68,24811.6,27677.47125,91.0,87.0,28419.34,40170.04,False
2024-10-14,31521.96,17086.68,24828.18416666667,93.0,89.0,18634.07,41938.41,False
2024-10-15,29419.44,15438.52,22849.01291666667,93.0,81.0,14811.22,37923.84,False
2024-10-16,31817.76,18437.48,25214.006250000002,93.0,80.0,19846.16,42857.14,False
2024-10-17,31765.8,23363.72,27440.156666666666,93.0,92.0,27006.13,40405.04,False
2024-10-18,28449.04,12033.76,20667.693333333333,93.0,67.0,20039.91,38105.37,True
2024-10-19,16764.92,11083.52,12913.138333333334,84.0,67.0,9181.5,28228.57,True
2024-10-20,30755.44,15663.48,24199.050416666665,92.0,82.0,23229.24,40621.74,True
2024-10-21,32949.64,21677.32,27824.413333333334,100.0,93.0,28694.07,44878.17,False
2024-10-22,29759.76,15777.36,23574.45583333333,100.0,86.0,21334.04,38817.39,False
2024-10-23,26751.64,14247.24,20215.552083333332,88.0,86.0,13354.59,39360.09,True
2024-10-24,33667.28,14818.4,24062.165833333333,95.0,89.0,15828.28,44443.94,True
2024-10-25,32745.88,14539.84,25495.292083333334,94.0,89.0,13661.48,44307.66,True
2024-10-26,33409.24,20175.4,27947.910416666666,94.0,90.0,17980.9,44519.81,True
2024-10-27,28598.2,15308.56,21287.74625,94.0,79.0,16929.54,35378.39,False
2024-10-28,31085.72,14500.32,23911.554583333334,89.0,80.0,11708.56,43222.64,True
2024-10-29,31838.2,14698.8,24644.054583333334,91.0,87.0,12039.92,44281.12,True
2024-10-30,34159.0,18964.24,28587.19,91.0,89.0,24083.73,43413.06,True
2024-10-31,35281.4,19518.72,28751.094166666666,91.0,88.0,22682.4,44160.02,False
2024-11-01,29547.28,15931.16,24164.1875,91.0,79.0,14813.84,39099.92,True
2024-11-02,31677.56,13698.76,23181.729583333334,85.0,79.0,13969.28,42647.57,True
2024-11-03,25442.84,12083.52,18347.60375,83.0,72.0,7103.05,37091.47,True
2024-11-04,29247.4,12880.28,19165.130416666667,90.0,73.0,6175.29,38895.14,True
2024-11-05,32746.12,14981.88,26803.51125,95.0,88.0,17512.35,44643.71,True
2024-11-06,35236.08,14979.24,26736.0125,94.0,91.0,16809.51,44940.48,True
2024-11-07,30635.6,14575.0,23324.691666666666,95.0,84.0,14889.52,41110.05,True
2024-11-08,34239.4,20265.8,27075.749583333334,96.0,90.0,24010.64,42968.63,True
2024-11-09,31799.52,20402.24,26396.80416666667,97.0,93.0,24504.93,41478.61,False
2024-11-10,35055.8,24961.76,30317.661666666667,98.0,93.0,30863.97,43317.95,False
2024-11-11,37161.96,25158.88,31377.195000000003,102.0,96.0,32293.9,44875.89,False
2024-11-12,34900.0,29033.8,31636.32875,102.0,97.0,27257.72,43294.49,False
2024-11-13,38608.52,25944.96,32925.39333333333,112.0,100.0,33087.06,45814.27,False
2024-11-14,38181.68,25216.0,32752.696666666667,115.0,107.0,30734.9,46907.06,False
2024-11-15,40769.04,29798.8,34699.39875,118.0,114.0,34231.63,45903.14,False
2024-11-16,32958.28,20275.6,26596.45,119.0,109.0,29659.52,43056.01,True
2024-11-17,29700.08,17579.6,22071.337083333332,113.0,106.0,21846.27,42837.58,True
2024-11-18,35448.04,22559.84,27721.265833333335,113.0,108.0,29744.44,46313.74,True
2024-11-19,34747.16,19964.88,26912.466249999998,114.0,110.0,28763.28,45791.97,False
2024-11-20,34465.32,18480.92,26180.84625,114.0,112.0,19731.91,47667.55,True
2024-11-21,30545.36,18931.48,24812.440416666665,118.0,114.0,17766.61,44079.59,True
2024-11-22,31777.2,19429.24,26354.21541666667,118.0,116.0,22425.54,45461.62,True
2024-11-23,32904.08,20437.84,27219.74875,119.0,117.0,21759.76,45962.83,True
2024-11-24,34674.44,22932.8,28059.79291666667,119.0,116.0,30019.39,45446.28,False
2024-11-25,39370.2,16594.04,28404.81375,131.0,98.0,26930.64,53724.06,True
2024-11-26,24183.16,16706.4,18628.823333333334,108.0,99.0,14518.3,40708.82,True
2024-11-27,23169.8,17500.64,18304.434166666666,104.0,102.0,9033.08,35862.08,True
2024-11-28,21148.6,16866.04,18552.495,104.0,99.0,11647.16,37531.07,True
2024-11-29,29445.32,16711.52,21363.818750000002,114.0,104.0,15114.98,44078.6,True
2024-11-30,33012.0,18286.32,24953.59,118.0,113.0,23435.53,48467.99,True
2024-12-01,29937.32,18996.24,24313.650833333333,119.0,113.0,18742.71,45009.01,True
2024-12-02,29655.68,18094.96,22246.729583333334,116.0,110.0,14231.59,43459.78,True
2024-12-03,40483.52,20196.12,31088.19208333333,121.0,113.0,23170.73,51745.32,False
2024-12-04,40217.88,24012.0,32224.790833333333,121.0,119.0,31124.12,49793.34,False
2024-12-05,36984.0,19287.0,27343.939166666667,121.0,114.0,19915.45,46769.26,False
2024-12-06,40207.08,23170.36,31237.506666666668,119.0,116.0,24707.93,50954.44,False
2024-12-07,29219.96,18846.6,23683.596666666665,119.0,112.0,12126.77,43045.67,True
2024-12-08,32635.84,19330.48,23946.98708333333,118.0,112.0,15634.41,48327.24,True
2024-12-09,41648.84,23960.24,30918.433333333334,132.0,118.0,31609.8,55070.81,False
2024-12-10,44282.56,28088.0,37252.199583333335,136.0,131.0,38393.32,53579.84,False
2024-12-11,37619.0,23153.04,29764.234166666665,136.0,129.0,27772.71,50636.96,True
2024-12-12,45957.84,28455.2,36836.47625,141.0,129.0,35183.98,55047.27,False
2024-12-13,33601.8,24009.6,28509.006250000002,141.0,125.0,27299.51,46390.49,True
2024-12-14,33484.64,21032.68,25769.088333333333,125.0,122.0,20071.41,48505.36,True
2024-12-15,40265.12,22040.44,28929.226666666666,130.0,123.0,23066.42,55267.47,True
2024-12-16,39346.12,22653.72,30268.007500000003,130.0,128.0,26835.39,54705.98,True
2024-12-17,36267.64,22609.88,28730.22,129.0,124.0,29233.51,48418.99,False
2024-12-18,30080.52,21086.28,24710.264166666664,124.0,124.0,20478.32,44869.64,True
2024-12-19,43730.32,26149.44,34804.61958333333,131.0,125.0,34756.19,53607.71,False
2024-12-20,38267.36,21004.8,27272.01875,130.0,122.0,27062.94,50700.35,True
2024-12-21,32238.32,20636.24,24551.6425,123.0,119.0,20775.38,48186.51,True
2024-12-22,42002.6,21861.64,29069.6875,133.0,122.0,24857.13,55918.51,True
2024-12-23,44898.48,23685.0,31956.291666666668,141.0,133.0,28298.92,59072.96,True
2024-12-24,45748.48,29221.8,35898.693333333336,140.0,134.0,38377.1,54992.74,False
2024-12-25,43972.64,23431.72,34109.7075,136.0,128.0,34137.25,52858.72,True
2024-12-26,39445.64,22625.72,28321.888333333332,129.0,129.0,22946.11,53960.47,True
2024-12-27,30761.84,20511.16,24923.485,129.0,120.0,19551.08,42706.22,True
2024-12-28,35904.8,20294.16,24859.612083333337,121.0,119.0,18958.35,48959.04,True
2024-12-29,25861.76,20492.76,22642.205416666664,119.0,118.0,18957.07,38792.08,True
2024-12-30,33471.56,20775.16,25329.0675,120.0,118.0,19780.2,44495.38,True
2024-12-31,37538.6,20756.28,28381.965,121.0,119.0,19310.79,48734.59,True
2025-01-01,34506.56,20862.24,28199.624583333334,122.0,119.0,19838.18,49267.42,True
2025-01-02,41107.6,22243.72,30196.3875,123.0,121.0,23623.42,51937.02,True
2025-01-03,42134.88,22762.2,32774.777916666666,126.0,122.0,24671.29,53595.06,False
2025-01-04,38484.2,22343.6,30367.43291666667,127.0,119.0,24978.28,50772.08,False
2025-01-05,38449.4,23508.76,30542.357916666664,123.0,120.0,23575.89,49261.22,True
2025-01-06,34902.6,20780.96,27643.372499999998,124.0,120.0,21157.65,47305.4,True
2025-01-07,34609.08,21030.8,26886.349583333333,123.0,122.0,20568.59,47881.93,True
2025-01-08,33074.44,21641.32,26214.83875,123.0,122.0,22398.92,47561.39,True
2025-01-09,35616.6,21732.8,27826.165833333333,124.0,122.0,16401.26,48808.18,True
2025-01-10,40423.2,23531.68,32147.234583333335,132.0,123.0,23787.74,53943.28,True
2025-01-11,45763.48,25858.64,37313.630833333336,134.0,130.0,29165.75,57340.06,False
2025-01-12,39858.92,23619.92,32074.273749999997,135.0,130.0,22397.72,52695.97,True
2025-01-13,40017.2,23125.16,28966.89791666667,133.0,129.0,21794.5,52633.04,True
2025-01-14,34598.56,21102.96,26445.67916666667,133.0,121.0,19673.18,45498.22,True
2025-01-15,35737.2,21848.56,27411.399999999998,122.0,121.0,19489.33,48462.44,True
2025-01-16,40182.08,22559.12,29971.216666666664,128.0,121.0,18367.55,52358.02,True
2025-01-17,40217.16,21948.2,31774.186666666665,129.0,123.0,20244.59,50795.11,True
2025-01-18,32153.0,20907.76,26000.986666666668,124.0,118.0,19715.34,44370.72,True
2025-01-19,32908.36,19303.8,27327.687916666666,119.0,114.0,13631.75,44355.63,True
2025-01-20,35302.56,19523.4,27340.152083333334,115.0,111.0,14997.27,46153.02,True
2025-01-21,32708.8,18805.4,25396.554583333334,116.0,112.0,15959.5,42708.33,True
2025-01-22,31282.68,21000.52,26505.34,112.0,111.0,21665.15,43130.38,True
2025-01-23,34632.68,21799.84,28376.42458333333,114.0,111.0,22088.17,44505.86,False
2025-01-24,31586.6,22768.72,26640.400833333333,116.0,113.0,24365.13,40360.47,False
2025-01-25,33862.64,21683.44,27037.788333333334,119.0,113.0,23292.13,44200.66,True
2025-01-26,36675.4,20276.2,26973.09,119.0,117.0,25410.98,44779.43,True
2025-01-27,23253.44,19280.6,20418.300416666665,118.0,113.0,-5318.64,34186.81,True
2025-01-28,32117.72,19004.6,23380.434166666662,114.0,113.0,-3104.3,45413.01,True
2025-01-29,34440.36,18842.64,26405.562916666666,113.0,113.0,-2398.73,42740.51,True
2025-01-30,28305.48,19024.6,24285.96375,113.0,113.0,11223.88,39896.83,True
2025-01-31,29183.4,21298.36,25067.717916666665,113.0,112.0,21195.29,37467.17,False
2025-02-01,41157.04,23669.56,31161.6675,122.0,113.0,17547.02,48748.44,False
2025-02-02,37371.08,24400.08,32162.5575,122.0,122.0,24024.68,46919.68,False
2025-02-03,31065.08,19713.44,23724.057083333333,122.0,115.0,-2667.99,42907.1,True
2025-02-04,37394.44,20139.56,27450.15125,121.0,117.0,9280.41,48284.18,True
2025-02-05,35243.6,21139.52,25284.493333333332,122.0,120.0,4695.65,47949.36,True
2025-02-06,35007.48,21362.96,25056.831666666665,123.0,121.0,7953.13,45305.57,True
2025-02-07,33260.84,21523.96,25005.20375,121.0,120.0,4596.68,45035.52,True
2025-02-08,47279.0,22569.84,33098.03625,133.0,121.0,17726.41,55347.65,True
2025-02-09,42564.4,23688.88,32980.71208333333,131.0,130.0,15467.93,54565.13,True
2025-02-10,39251.24,22329.12,28747.545,131.0,125.0,15655.47,51057.79,True
2025-02-11,37869.68,24398.44,30670.196249999997,128.0,125.0,28654.65,49473.8,True
2025-02-12,33893.32,20524.96,25864.952916666665,128.0,115.0,11416.88,44709.46,True
2025-02-13,30174.52,19175.44,22548.440416666665,117.0,112.0,6153.07,43037.84,True
2025-02-14,33539.92,19228.52,25401.85875,113.0,110.0,15120.31,46472.62,True
2025-02-15,32884.36,18360.72,24333.219583333335,114.0,108.0,9486.44,45650.23,True
2025-02-16,31405.76,17844.2,22698.880416666667,113.0,104.0,-3196.54,43425.33,True
2025-02-17,34468.44,19046.52,25562.3225,113.0,110.0,12093.1,47185.39,True
2025-02-18,34659.08,19609.08,28497.739583333332,114.0,109.0,16123.49,46437.9,False
2025-02-19,36203.12,19803.8,29172.364166666666,114.0,112.0,16705.76,48849.62,True
2025-02-20,40377.96,21634.48,32714.944583333334,118.0,115.0,24079.52,49718.85,False
2025-02-21,41517.16,28643.48,35831.09458333333,118.0,115.0,32385.91,49595.48,True
2025-02-22,43597.96,27755.44,34851.43083333333,125.0,117.0,32698.7,52850.02,False
2025-02-23,35558.44,19265.24,26801.04291666667,125.0,110.0,4795.39,45456.17,True
2025-02-24,29311.8,17920.92,22735.430833333332,112.0,106.0,7371.52,42383.54,True
2025-02-25,33514.6,18198.68,23131.838333333333,112.0,105.0,5537.91,45837.73,True
2025-02-26,35667.24,16859.08,24098.006250000002,113.0,97.0,4126.87,42266.13,True
2025-02-27,27791.32,17015.56,20844.26208333333,100.0,95.0,2486.37,40174.53,True
2025-02-28,29784.96,16991.88,23169.657083333335,99.0,97.0,11705.26,40626.8,True
2025-03-01,32930.32,20415.6,26476.119583333333,99.0,97.0,26120.19,42705.56,False
2025-03-02,23762.72,17221.16,20046.053750000003,107.0,100.0,20001.25,34970.16,True
2025-03-03,28359.64,17250.2,21954.181666666667,107.0,100.0,20093.74,38274.14,True
2025-03-04,42395.44,26890.96,34345.9825,120.0,106.0,35408.49,52943.43,False
2025-03-05,40886.24,20852.16,33505.28875,120.0,120.0,22942.0,53258.61,True
2025-03-06,36286.48,18937.0,28549.905416666665,120.0,108.0,10844.34,49003.26,True
2025-03-07,35362.96,20671.96,28194.3275,109.0,103.0,26747.02,44829.93,False
2025-03-08,32670.96,17631.64,24173.327916666665,103.0,100.0,8555.57,45718.3,True
2025-03-09,27834.28,15605.56,19769.342916666665,104.0,90.0,5557.27,34648.35,True
2025-03-10,21977.48,15509.04,17249.45666666667,91.0,87.0,3228.51,35428.65,True
2025-03-11,24956.4,15276.84,20219.805,89.0,87.0,5741.39,38574.81,True
2025-03-12,31705.72,15972.56,22626.377916666665,94.0,89.0,240.55,42867.28,True
2025-03-13,30028.24,15372.92,21863.41625,96.0,87.0,6333.1,37615.29,True
2025-03-14,27499.76,15307.96,21820.661666666667,90.0,86.0,11527.11,36895.74,True
2025-03-15,26572.88,17058.56,22032.41125,91.0,88.0,17455.34,33637.86,True
2025-03-16,30110.24,15320.64,20513.66,95.0,87.0,-2847.09,41950.84,True
2025-03-17,25403.96,15372.28,19569.193333333333,95.0,86.0,-5554.09,34435.16,True
2025-03-18,33960.84,14908.28,21996.344583333335,98.0,84.0,373.77,46325.37,True
2025-03-19,31463.88,16269.52,22751.644166666665,97.0,86.0,-275.47,44125.47,True
2025-03-20,26753.92,15198.72,19857.265833333335,94.0,78.0,-3972.55,39429.47,True
2025-03-21,24657.76,13235.68,18130.369166666667,82.0,70.0,-3799.76,36914.45,True
2025-03-22,22783.88,12775.32,16279.69625,77.0,69.0,-4133.05,37040.73,True
2025-03-23,20803.92,12520.8,15715.687083333332,75.0,67.0,7255.87,32314.49,True
2025-03-24,23748.84,12565.84,15909.779583333335,77.0,68.0,-6748.78,36424.03,True
2025-03-25,22861.96,11731.88,15232.230416666665,77.0,62.0,-4116.96,35906.6,True
2025-03-26,25361.12,12766.56,16987.0475,78.0,68.0,3504.63,37779.01,True
2025-03-27,29753.2,13380.6,20340.92541666667,84.0,71.0,15802.37,40356.53,True
2025-03-28,33831.52,14857.08,23955.269166666665,91.0,80.0,9677.87,44399.43,True
2025-03-29,34253.6,14257.08,23858.734583333335,92.0,80.0,-590.83,44598.68,True
2025-03-30,30955.68,15050.76,23641.399166666666,89.0,81.0,3333.97,41894.66,True
2025-03-31,27456.84,14486.28,19717.554583333334,84.0,78.0,3939.81,39181.89,True
2025-04-01,27467.4,13000.12,18298.43375,80.0,71.0,-4086.16,40188.11,True
2025-04-02,36622.16,14376.0,23501.783333333336,95.0,79.0,1663.99,48170.96,True
2025-04-03,32622.76,14035.12,22461.347916666666,97.0,78.0,3600.01,39686.82,True
2025-04-04,24657.12,11813.72,16836.594583333335,80.0,65.0,24.21,36728.74,True
2025-04-05,31668.2,11852.76,19369.46416666667,83.0,66.0,-8040.14,43597.2,True
2025-04-06,28701.08,13478.4,19372.924166666668,83.0,74.0,-1063.74,40360.93,True
2025-04-07,30536.56,13536.72,19774.73,82.0,73.0,858.51,42021.91,True
2025-04-08,32935.6,14719.32,24694.707916666666,90.0,83.0,8505.2,43854.23,True
2025-04-09,34921.6,15757.16,27753.235416666666,93.0,90.0,11972.86,45028.89,True
2025-04-10,32896.92,13239.28,22908.06625,91.0,74.0,1660.89,39812.28,True
2025-04-11,19065.56,11191.72,15640.72875,78.0,64.0,-1938.63,30159.84,True
2025-04-12,17324.52,10929.2,13518.312916666668,64.0,62.0,-4197.15,27514.41,True
2025-04-13,15996.64,10780.2,12291.320833333333,64.0,61.0,-10769.36,28114.85,True
2025-04-14,29316.2,11070.92,16522.61,81.0,62.0,-9876.55,40558.73,True
2025-04-15,26357.92,12340.68,18269.804166666665,84.0,65.0,-2028.04,35231.26,True
2025-04-16,24565.64,11533.68,16037.973333333333,73.0,63.0,-7636.79,36677.68,True
2025-04-17,27817.88,12027.84,19536.924166666668,77.0,66.0,747.83,39628.71,True
2025-04-18,26153.84,11193.08,17573.62375,79.0,64.0,2278.61,32749.03,True
2025-04-19,32194.8,12399.52,23742.881666666668,85.0,70.0,2271.16,43930.86,True
2025-04-20,29585.12,12546.36,19265.842083333333,86.0,69.0,534.19,37200.4,True
2025-04-21,27901.12,12167.4,19968.512916666667,74.0,67.0,6258.7,38275.6,True
2025-04-22,29364.36,12052.64,19476.662500000002,81.0,67.0,-7352.95,41571.06,True
2025-04-23,29711.2,13595.6,21417.415,84.0,77.0,3616.39,40545.96,True
2025-04-24,32016.08,12094.28,18354.2525,86.0,69.0,-7204.77,43446.44,True
2025-04-25,28918.76,11128.96,19654.835833333334,86.0,65.0,-3817.2,36928.86,True
2025-04-26,17151.56,9002.12,12451.934166666666,71.0,52.0,-11959.3,27252.56,True
2025-04-27,30029.88,12310.36,19623.771666666667,79.0,57.0,-1120.33,41499.79,True
2025-04-28,28783.68,12962.04,20905.567916666667,79.0,73.0,127.88,41850.09,True
2025-04-29,18325.64,10059.72,13316.729166666666,79.0,57.0,-12650.44,30309.98,True
2025-04-30,19096.32,10182.08,13568.3925,64.0,57.0,-7698.91,32326.54,True
2025-05-01,28061.0,10629.24,18572.785416666666,81.0,64.0,-16823.69,39759.38,True
2025-05-02,25521.04,10607.56,15780.617916666668,82.0,59.0,-10172.05,29104.9,True
2025-05-03,28277.04,10357.04,18406.331666666665,78.0,61.0,-12634.26,41835.53,True
2025-05-04,25191.52,11692.2,18204.062083333334,78.0,67.0,-2977.27,36922.88,True
2025-05-05,24763.48,12035.28,18966.405833333334,72.0,67.0,-2182.95,36285.54,True
2025-05-06,31174.0,13979.36,21979.66875,85.0,74.0,3300.56,43894.1,True
2025-05-07,29097.6,13761.0,21891.403333333335,88.0,74.0,10930.26,36523.8,True
2025-05-08,22563.8,15650.48,19275.74125,78.0,66.0,17793.84,31021.67,False
2025-05-09,26852.52,22136.32,24860.683333333334,73.0,69.0,23955.51,35164.97,False
2025-05-10,27254.12,11803.8,18737.35583333333,77.0,66.0,-1183.34,40355.39,True
2025-05-11,24447.04,10268.44,15658.709166666667,79.0,58.0,-4589.51,33253.98,True
2025-05-12,15510.08,9029.16,12100.030833333332,62.0,52.0,-7402.76,28833.56,True
2025-05-13,14931.64,9647.16,11664.064166666665,60.0,55.0,-8016.01,30011.98,True
2025-05-14,23975.36,9939.84,15475.884583333333,72.0,59.0,-3597.4,36825.32,True
2025-05-15,27515.68,11995.12,21276.805,77.0,69.0,3654.72,40760.51,True
2025-05-16,25546.76,11353.48,17115.69125,78.0,66.0,-4650.42,32840.86,True
2025-05-17,30069.12,11650.84,17517.554583333334,85.0,67.0,-18261.53,42196.38,True
2025-05-18,29508.68,10366.2,16197.218333333332,85.0,61.0,-8141.68,35590.39,True
2025-05-19,22786.72,9702.36,14831.54125,73.0,58.0,-5211.29,35881.55,True
2025-05-20,24418.0,11263.4,17638.2925,76.0,67.0,-1305.03,36720.73,True
2025-05-21,29057.16,13324.68,22684.46541666667,83.0,75.0,7070.03,39664.66,True
2025-05-22,29651.4,13004.8,20962.060416666667,84.0,74.0,12675.49,36141.3,True
2025-05-23,27585.6,13683.12,20186.161666666667,82.0,80.0,11443.92,39663.94,True
2025-05-24,29692.16,12949.48,20986.8725,84.0,75.0,-2286.2,42706.17,True
2025-05-25,26531.84,12046.68,18798.184166666666,84.0,70.0,-2049.84,36928.63,True
2025-05-26,28235.84,12085.92,21095.195833333335,80.0,68.0,6031.4,39961.0,True
2025-05-27,28260.36,12553.72,21195.18,82.0,73.0,-744.19,39130.31,True
2025-05-28,26862.48,12659.88,20494.079166666666,84.0,74.0,1256.32,38122.13,True
2025-05-29,29423.44,13396.04,21248.637916666667,88.0,80.0,2921.88,40487.96,True
2025-05-30,27527.8,13275.44,20413.254166666666,89.0,77.0,5042.61,39272.4,True
2025-05-31,26464.52,16722.84,20829.60375,87.0,74.0,18854.89,37463.9,True
2025-06-01,25561.36,12061.24,18795.407916666667,75.0,68.0,6210.96,33646.69,True
2025-06-02,25317.92,12087.8,17850.307083333333,75.0,70.0,118.94,35101.03,True
2025-06-03,26970.64,11753.92,18878.187083333334,78.0,68.0,-7901.8,38161.94,True
2025-06-04,31391.52,12464.4,21564.940833333334,89.0,74.0,-4664.4,43021.56,True
2025-06-05,26642.56,11865.76,17547.862083333333,87.0,69.0,-2891.84,34066.43,True
2025-06-06,35087.36,12173.92,21901.90166666667,95.0,71.0,8515.12,43082.45,True
2025-06-07,39764.68,15756.92,29091.398333333334,107.0,91.0,15054.36,49790.57,True
2025-06-08,41691.72,16791.6,29822.654583333333,106.0,102.0,13996.43,48594.79,True
2025-06-09,38148.0,15646.32,26010.459583333333,107.0,97.0,7228.4,46342.69,True
2025-06-10,35714.88,15597.88,25782.515,107.0,98.0,8597.82,47858.75,True
2025-06-11,30667.2,13480.4,21102.295833333334,104.0,83.0,4239.92,40675.93,True
2025-06-12,27154.24,12464.08,20120.53,86.0,73.0,-1643.46,38455.56,True
2025-06-13,35579.08,17629.24,26147.124166666665,98.0,82.0,16787.99,46814.19,True
2025-06-14,38446.6,16753.88,28635.836249999997,103.0,99.0,18234.7,48544.64,True
2025-06-15,32221.76,13449.04,22489.122916666664,101.0,77.0,4986.3,44129.96,True
2025-06-16,32430.6,13210.04,20765.397916666665,88.0,75.0,-3342.1,43959.77,True
2025-06-17,35617.08,13920.08,23876.748333333333,95.0,80.0,7028.37,45778.11,True
2025-06-18,35847.68,16797.28,25344.2025,101.0,87.0,18131.59,45935.46,True
2025-06-19,35697.84,27642.08,30804.59708333333,103.0,89.0,31824.21,42768.04,False
2025-06-20,33334.8,17730.72,25177.482916666664,97.0,88.0,18074.43,41171.3,True
2025-06-21,33836.8,13657.24,24128.236666666668,93.0,79.0,8121.84,42959.87,True
2025-06-22,32636.08,13019.84,22829.533333333336,87.0,76.0,4396.05,44092.77,True
2025-06-23,35655.32,15321.24,25550.993749999998,98.0,83.0,15619.01,47625.94,True
2025-06-24,38721.56,17012.4,28044.41875,103.0,94.0,14243.26,52142.58,True
2025-06-25,40288.04,17673.76,29158.11375,108.0,103.0,15895.14,52171.78,True
2025-06-26,39719.2,29773.8,34313.11708333334,113.0,109.0,36424.74,45593.79,False
2025-06-27,38460.08,22128.92,30602.743333333332,111.0,100.0,26184.54,47369.66,False
2025-06-28,34709.76,23615.52,29771.69583333333,104.0,99.0,27752.75,42665.1,False
2025-06-29,32982.08,22806.68,28786.41625,104.0,92.0,25750.91,42433.17,False
2025-06-30,30662.12,17279.28,24494.256666666668,92.0,88.0,19481.8,42669.5,True
2025-07-01,33566.76,15317.12,24435.95708333333,90.0,84.0,20204.21,44756.61,False
2025-07-02,41483.92,22143.96,32045.55916666667,112.0,98.0,28253.64,53972.87,False
2025-07-03,42936.24,18223.84,29001.275833333333,125.0,108.0,16722.63,56132.9,True
2025-07-04,51011.8,21622.32,35191.635833333334,149.0,126.0,21489.34,61514.3,True
2025-07-05,54951.92,22388.24,38052.724583333336,157.0,145.0,24589.83,71350.31,True
2025-07-06,52965.44,23705.0,39646.119166666664,156.0,150.0,27875.08,65246.45,True
2025-07-07,51621.92,30140.28,41861.94291666667,150.0,139.0,35495.09,60340.0,False
2025-07-08,49110.36,26632.68,38877.837916666664,139.0,135.0,28958.12,62714.02,False
2025-07-09,46723.92,23472.88,35524.99458333333,136.0,126.0,25017.68,59957.32,False
2025-07-10,48218.28,25220.64,37945.0375,133.0,128.0,26898.14,63221.41,False
2025-07-11,51478.8,23505.48,37183.89083333333,135.0,133.0,24876.41,61856.3,False
2025-07-12,52258.08,24123.72,39696.333333333336,144.0,133.0,27885.07,67972.36,True
2025-07-13,51582.0,23764.64,38840.027083333334,144.0,141.0,25584.72,65127.57,True
2025-07-14,48641.0,20841.32,34077.15625,140.0,136.0,19452.61,59770.81,True
2025-07-15,46410.84,26432.44,34433.635416666664,138.0,109.0,30384.45,53851.47,False
2025-07-16,41215.08,20086.08,30518.78125,113.0,109.0,26074.1,57679.48,True
2025-07-17,43680.76,17794.84,31405.12875,114.0,108.0,12471.1,57445.07,True
2025-07-18,42803.16,17587.48,30461.05875,110.0,105.0,15925.91,55811.53,True
2025-07-19,42311.28,18249.64,30281.40166666667,110.0,105.0,18875.95,53263.36,True
2025-07-20,36303.52,20128.72,29021.535,112.0,104.0,26243.58,48361.73,False
2025-07-21,39528.0,28355.52,33727.199583333335,110.0,103.0,34337.42,52886.46,False
2025-07-22,41761.32,27173.52,34513.6425,117.0,108.0,32698.14,54602.2,False
2025-07-23,39282.04,20575.68,30147.387083333335,114.0,106.0,26539.6,54590.7,False
2025-07-24,38911.04,17415.08,28594.265,111.0,102.0,19907.37,55544.43,True
2025-07-25,40057.36,17767.32,28523.714583333334,114.0,108.0,19401.46,56015.84,True
2025-07-26,43342.12,18387.64,31257.211666666666,115.0,107.0,20574.82,59333.96,True
2025-07-27,44638.88,19233.76,32689.977499999997,122.0,117.0,18658.54,61248.06,True
2025-07-28,46596.52,20624.24,34490.00666666667,125.0,120.0,26026.77,62406.5,True
2025-07-29,47482.32,22347.92,36253.6575,132.0,125.0,30315.5,62234.97,True
2025-07-30,45511.0,24005.96,35980.17416666667,132.0,122.0,27146.51,61120.63,True
2025-07-31,43303.0,18825.64,30098.284166666665,122.0,100.0,20579.01,53037.41,True
2025-08-01,43684.64,26782.16,35682.322916666664,116.0,110.0,32105.63,56608.24,False
2025-08-02,47982.88,23909.6,36990.57208333333,129.0,121.0,30669.64,61743.93,False
2025-08-03,50628.56,21682.72,36907.95875,135.0,129.0,26445.6,67232.52,True
2025-08-04,52012.68,30342.96,42224.35166666666,144.0,139.0,38450.73,67550.58,False
2025-08-05,53639.04,37216.04,45792.5825,151.0,144.0,47132.23,71622.48,False
2025-08-06,52818.56,34888.08,43564.42958333334,152.0,141.0,38157.37,68024.23,False
2025-08-07,50748.8,27323.52,40499.504583333335,143.0,138.0,31498.56,66619.34,False
2025-08-08,48129.56,28408.96,39833.81791666667,141.0,130.0,38984.08,63123.0,False
2025-08-09,43923.92,25468.48,33879.275,132.0,105.0,35695.73,53881.5,False
2025-08-10,36525.48,14827.72,26672.550416666665,106.0,92.0,14330.81,52793.28,True
2025-08-11,37617.44,15520.76,27642.492083333334,100.0,96.0,13837.88,53739.08,True
2025-08-12,36915.0,15410.16,27135.719583333335,102.0,93.0,12760.86,53076.92,True
2025-08-13,41253.16,19749.52,32239.525833333333,111.0,100.0,22837.63,54105.52,False
2025-08-14,43938.68,25270.76,36129.90791666667,117.0,108.0,28219.47,56461.28,False
2025-08-15,41746.96,32919.32,37656.98458333333,116.0,110.0,39682.39,52366.72,False
2025-08-16,47056.88,22267.44,34736.13916666667,130.0,114.0,25156.74,59900.92,True
2025-08-17,45694.0,26939.52,35947.65666666667,129.0,119.0,30697.81,58400.33,False
2025-08-18,48822.88,27018.76,37772.81875,136.0,121.0,32765.56,62564.24,False
2025-08-19,51107.44,24556.8,37498.667083333334,146.0,139.0,30230.28,65127.02,True
2025-08-20,55111.48,28527.2,40852.34583333333,154.0,146.0,34230.37,70284.07,False
2025-08-21,55592.0,29920.28,43565.43833333333,156.0,153.0,35174.22,71073.8,False
2025-08-22,56363.76,36962.8,48035.6675,157.0,151.0,42591.57,77482.47,False
2025-08-23,58333.12,37084.56,48058.597083333334,159.0,151.0,43654.27,69997.08,False
2025-08-24,49779.16,28938.24,38776.0625,150.0,119.0,34547.18,58172.43,False
2025-08-25,46438.96,31961.16,40009.00125,124.0,120.0,39797.21,59224.7,False
2025-08-26,41706.04,19103.8,31897.93375,122.0,111.0,22306.47,55028.5,True
2025-08-27,40196.56,21722.52,32783.816666666666,115.0,111.0,27906.09,53855.81,False
2025-08-28,45992.88,23861.0,34111.8075,126.0,113.0,31558.71,61178.46,False
2025-08-29,45457.84,27359.72,38000.81291666667,128.0,117.0,36271.04,57581.1,False
2025-08-30,42326.28,28366.36,35620.59166666667,117.0,106.0,34072.29,52537.76,False
2025-08-31,38179.32,21433.6,30489.291666666668,107.0,96.0,27453.2,48726.92,False
2025-09-01,41039.56,14969.04,29726.100000000002,107.0,94.0,12871.09,56586.63,True
2025-09-02,35394.0,15902.2,26921.130416666667,110.0,100.0,9524.48,50395.22,True
2025-09-03,38982.28,23906.72,31861.56125,103.0,101.0,30238.32,51813.36,False
2025-09-04,39701.68,17575.4,30072.685416666664,106.0,101.0,23190.72,54833.21,True
2025-09-05,44980.24,23439.92,35193.955,118.0,109.0,30525.97,58650.23,False
2025-09-06,40826.28,29499.6,34406.18083333333,117.0,103.0,35134.57,52045.4,False
2025-09-07,35964.68,15692.4,27470.510833333334,104.0,98.0,12704.2,49955.25,True
2025-09-08,37795.24,31590.08,34019.784583333334,99.0,95.0,37830.18,49448.69,False
2025-09-09,33240.32,14733.72,25323.182083333333,96.0,91.0,8084.26,47497.81,True
2025-09-10,37736.16,15543.44,27826.162916666668,101.0,94.0,13419.68,51479.83,True
2025-09-11,37383.0,20641.88,31097.377916666665,104.0,100.0,24017.31,49573.3,False
2025-09-12,35310.12,30051.0,33378.37416666667,101.0,96.0,37920.91,44166.79,False
2025-09-13,35620.84,15622.88,27653.02125,99.0,96.0,16982.05,50890.26,True
2025-09-14,34751.12,14764.56,24377.8425,101.0,94.0,8889.25,49864.47,True
2025-09-15,38311.08,20636.28,31194.780833333334,101.0,96.0,25044.17,50882.52,False
2025-09-16,39134.88,25542.92,35834.933750000004,113.0,101.0,36049.51,45957.78,False
2025-09-17,26181.72,13508.72,19742.948333333334,108.0,86.0,8547.26,37677.03,True
2025-09-18,35003.72,14853.6,26181.90166666667,94.0,88.0,15351.19,45923.85,True
2025-09-19,39080.4,31019.8,35682.34416666667,109.0,102.0,37719.5,46240.55,False
2025-09-20,36468.08,15712.32,27342.609166666665,108.0,99.0,3168.64,48162.5,True
2025-09-21,38044.48,14548.96,30151.399166666666,104.0,93.0,16399.65,48016.16,True
2025-09-22,44339.04,38169.48,41390.11958333333,117.0,104.0,42663.85,52589.3,False
2025-09-23,45511.2,34581.8,41466.8925,124.0,118.0,44137.46,53551.89,False
2025-09-24,41470.84,21993.72,34416.77416666666,118.0,105.0,26702.27,51955.39,True
2025-09-25,40962.4,15990.48,31764.470416666667,107.0,103.0,9576.64,52107.16,True
2025-09-26,42401.28,21973.64,35353.5425,107.0,104.0,21211.58,52764.08,False
2025-09-27,42793.64,37880.2,40825.17416666667,113.0,109.0,40152.94,53652.11,False
2025-09-28,43660.0,29455.68,38603.246666666666,115.0,110.0,35593.79,54166.36,False
2025-09-29,41075.96,17364.64,32459.695416666666,115.0,107.0,20506.04,53164.6,True
2025-09-30,35742.2,13733.48,26638.922916666666,111.0,85.0,8240.11,43980.32,True
2025-10-01,32769.16,13298.28,26117.030833333334,92.0,84.0,5104.79,43887.4,True
2025-10-02,36983.84,33075.04,35254.15708333333,105.0,100.0,32061.1,43427.53,False
2025-10-03,41704.6,29659.76,34922.17625,110.0,100.0,34270.47,51505.4,False
2025-10-04,42098.6,26239.0,36038.770416666666,110.0,108.0,26235.39,52569.47,False
2025-10-05,42810.56,32519.48,40267.68791666667,117.0,104.0,40688.76,48962.72,False
2025-10-06,34588.0,29126.44,31919.992499999997,105.0,89.0,31903.76,43125.33,False
2025-10-07,35327.84,24691.2,30591.07541666667,92.0,84.0,27336.27,46340.75,False
2025-10-08,33428.6,22586.44,28018.879166666666,93.0,80.0,31397.74,38169.36,False
2025-10-09,35575.4,25600.0,31529.447916666668,110.0,83.0,29773.93,43290.08,False
2025-10-10,38451.48,31197.2,35496.35666666667,112.0,105.0,29919.51,42899.94,False
2025-10-11,43312.0,34837.64,40196.004166666666,125.0,105.0,36390.14,53001.09,False
2025-10-12,36732.24,29946.2,34032.08541666667,119.0,100.0,35885.44,47233.08,False
2025-10-13,38323.64,29521.04,33853.534583333334,111.0,108.0,34470.97,50598.39,False
2025-10-14,37100.96,15584.88,29890.865,111.0,104.0,12022.06,48553.23,True
2025-10-15,41477.4,35806.92,39292.33,126.0,110.0,38826.93,49272.54,False
2025-10-16,34179.92,19181.28,28408.5125,118.0,99.0,18438.29,43356.49,False
2025-10-17,37596.84,19388.68,32674.160416666666,124.0,97.0,27245.64,52227.38,False
2025-10-18,28128.36,12962.96,19560.632916666666,97.0,79.0,5403.87,38481.2,True
2025-10-19,30540.76,19340.0,25860.881666666668,82.0,78.0,13936.48,36586.72,False
2025-10-20,32323.88,20758.0,26371.117499999997,96.0,84.0,21515.78,43188.78,False
2025-10-21,35229.8,14712.08,26778.92625,108.0,96.0,10563.92,45156.6,True
2025-10-22,34438.12,15211.8,27711.76,109.0,100.0,14402.83,44529.56,True
2025-10-23,33333.72,17433.08,27493.813333333335,105.0,99.0,16518.3,41655.86,False
2025-10-24,37505.16,19710.12,30737.59833333333,109.0,102.0,23753.8,49904.73,False
2025-10-25,37608.68,30460.04,34841.8825,112.0,108.0,38422.19,49601.13,False
2025-10-26,32048.04,18957.6,27282.138333333332,110.0,94.0,22645.51,44192.71,False
2025-10-27,34626.44,14557.8,26798.075,101.0,97.0,7309.09,50840.38,True
2025-10-28,29664.72,14448.76,24142.49,103.0,84.0,14108.21,42492.48,False
2025-10-29,23566.68,11842.28,18130.25,85.0,73.0,-413.83,36980.86,True
2025-10-30,33854.48,22246.8,28447.556666666667,94.0,76.0,21420.6,46657.75,False
2025-10-31,35974.04,22241.88,31282.303750000003,98.0,94.0,27407.87,46715.03,False
2025-11-01,26589.4,12694.72,21027.984166666665,98.0,82.0,1786.9,41303.66,True
2025-11-02,30321.8,13281.96,20430.448333333334,91.0,84.0,1804.29,44168.71,True
2025-11-03,30030.96,13535.36,22347.22375,91.0,82.0,4966.81,40505.56,True
2025-11-04,28519.6,13756.28,21466.088333333333,88.0,82.0,8290.85,43895.6,True
2025-11-05,31791.72,13992.36,25058.722916666666,89.0,86.0,7823.19,45808.54,True
2025-11-06,33785.56,28640.28,31143.39833333333,93.0,90.0,32972.84,43994.33,False
2025-11-07,34040.76,22131.08,29219.369583333333,97.0,94.0,32570.26,44812.19,False
2025-11-08,35931.48,30318.4,33802.052083333336,102.0,98.0,36766.42,47541.19,False
2025-11-09,27459.32,13392.04,22322.880416666667,102.0,85.0,6492.19,41131.11,True
2025-11-10,31409.0,17268.44,26830.114583333332,100.0,88.0,17882.86,46826.67,True
2025-11-11,33851.16,14465.24,26718.7175,99.0,95.0,12980.67,48464.16,True
2025-11-12,30375.16,14252.8,24492.76958333333,97.0,93.0,10974.71,45032.24,True
2025-11-13,33312.08,14529.84,24192.472916666666,103.0,96.0,8675.84,47793.92,True
2025-11-14,33966.64,14961.2,25956.25333333333,105.0,95.0,9981.36,44784.94,True
2025-11-15,31769.72,16367.92,24153.663333333334,103.0,94.0,13291.89,44442.06,True
2025-11-16,22120.52,16031.8,18717.213333333333,107.0,95.0,-819.04,31433.77,True
2025-11-17,29569.48,16787.12,23188.267916666668,101.0,98.0,20876.45,43562.79,True
2025-11-18,32906.52,17661.84,24012.33541666667,109.0,100.0,7468.95,47905.24,True
2025-11-19,33090.72,17133.16,25183.84708333333,110.0,102.0,11936.65,44553.3,True
2025-11-20,38023.44,18385.72,29224.352916666667,112.0,103.0,16826.97,52223.73,True
2025-11-21,34152.72,17431.12,27542.810833333333,112.0,104.0,6911.1,48005.19,True
2025-11-22,31253.04,17027.36,23841.380416666667,108.0,101.0,11483.65,42651.38,True
2025-11-23,33605.28,20396.72,26996.885416666668,108.0,105.0,20973.37,46680.16,False
2025-11-24,29581.88,16498.8,20865.535416666666,110.0,99.0,8841.3,39499.1,True
2025-11-25,32356.88,17217.2,23701.025833333333,109.0,99.0,14443.51,49258.76,True
2025-11-26,26529.4,16931.04,21253.837499999998,109.0,100.0,10888.4,43120.09,True
2025-11-27,30672.16,16764.88,21493.029583333333,107.0,101.0,11093.65,47484.09,True
2025-11-28,24553.64,16066.28,20219.820416666666,107.0,99.0,5359.52,39477.23,True
2025-11-29,36576.64,16456.96,25503.60375,113.0,99.0,11616.93,50436.09,True
2025-11-30,31417.48,15362.32,20637.623750000002,113.0,96.0,3747.47,38795.41,True
2025-12-01,36238.92,19390.28,25559.94916666667,113.0,105.0,17455.96,48593.88,True
2025-12-02,33175.6,19815.44,25052.194583333334,114.0,108.0,24778.08,43962.49,True
2025-12-03,35578.8,18115.96,24930.677916666667,112.0,110.0,10324.67,48503.59,True
2025-12-04,31812.32,18189.32,24984.168333333335,110.0,107.0,10539.59,45721.0,True
2025-12-05,32901.56,18171.24,23868.78583333333,110.0,107.0,11807.3,41575.23,True
2025-12-06,28936.2,16329.28,20903.41083333333,107.0,100.0,9902.41,44977.89,True
2025-12-07,27880.48,16431.08,21430.852083333335,101.0,100.0,12632.77,38173.95,True
2025-12-08,35849.32,19268.96,26868.500833333335,111.0,100.0,19560.55,50732.71,True
2025-12-09,29689.88,17576.0,24667.815416666665,111.0,104.0,15821.72,45299.2,False
2025-12-10,30050.92,20301.52,25627.302083333332,107.0,102.0,24078.11,44284.96,False
2025-12-11,22768.48,16917.36,18790.440416666668,105.0,101.0,15893.07,34283.11,True
2025-12-12,46239.76,22670.52,36834.912083333336,136.0,106.0,29404.88,57933.17,False
2025-12-13,45915.44,30288.64,38311.89,134.0,122.0,37972.65,53765.32,False
2025-12-14,40303.12,24340.0,31165.23125,123.0,116.0,32847.03,48090.77,True
2025-12-15,32628.88,20195.92,27077.76625,116.0,109.0,27910.34,44746.54,True
2025-12-16,34484.68,21678.68,28520.9175,111.0,109.0,27385.19,43504.92,False
2025-12-17,35864.12,20023.96,28078.06,113.0,110.0,23279.39,50156.73,True
2025-12-18,25093.92,17888.12,20332.523333333334,114.0,103.0,18652.06,34117.85,True
2025-12-19,32738.56,17967.64,21848.62125,107.0,105.0,22164.67,43127.29,True
2025-12-20,31199.24,20051.8,25199.451666666664,109.0,105.0,24022.57,39987.89,True
2025-12-21,30775.84,19060.48,24504.994166666667,110.0,106.0,18452.66,47279.74,True
2025-12-22,39310.0,24019.0,30969.573333333334,125.0,111.0,31546.29,48102.8,False
2025-12-23,47089.04,22929.32,33443.465833333335,133.0,121.0,32711.44,62237.95,False
2025-12-24,36139.36,19987.76,27470.69,128.0,113.0,23278.22,49136.27,True
2025-12-25,34069.84,19740.44,24644.193750000002,114.0,110.0,18126.76,48606.88,True
2025-12-26,35030.92,21001.0,28236.735416666666,113.0,112.0,24975.37,45872.68,True
2025-12-27,34440.88,19179.12,26913.440416666665,113.0,111.0,18954.74,50092.26,True
2025-12-28,27815.04,18355.32,22613.555416666666,111.0,106.0,13637.37,38269.68,True
2025-12-29,36238.84,20012.08,27676.66625,112.0,107.0,24475.44,50363.46,True
2025-12-30,36033.4,18959.68,27016.3125,112.0,109.0,18549.21,45374.9,True
2025-12-31,35307.0,21034.36,29407.203333333335,114.0,108.0,27616.23,47032.83,True
2026-01-01,31290.08,19594.12,23854.569583333334,114.0,110.0,7389.11,36706.19,True
2026-01-02,32783.64,19049.4,25340.06625,111.0,108.0,4912.01,38808.3,True
2026-01-03,34861.6,19541.4,25077.58541666667,110.0,107.0,13650.93,48382.78,True
2026-01-04,45981.04,31356.72,39179.394583333335,131.0,111.0,38064.23,57404.37,False
2026-01-05,37260.08,20952.48,29555.373333333333,129.0,115.0,19267.76,51139.22,True
2026-01-06,38743.36,20676.0,27798.712083333332,115.0,114.0,21466.8,44811.96,False
2026-01-07,36870.56,20710.84,27118.718333333334,118.0,113.0,15127.87,51368.48,True
2026-01-08,38138.48,19222.4,25407.045,118.0,107.0,13520.85,43655.13,True
2026-01-09,23375.92,17182.48,18075.539583333335,107.0,98.0,5162.98,34182.31,True
2026-01-10,23730.84,17465.4,19347.896666666667,104.0,99.0,3158.01,39056.81,True
2026-01-11,30021.4,18227.28,21317.649999999998,106.0,101.0,10675.48,46879.42,True
2026-01-12,32078.08,18315.68,22863.413750000003,112.0,103.0,13820.6,47365.36,True
2026-01-13,32459.0,18986.6,25755.35208333333,112.0,107.0,18552.6,45625.11,True
2026-01-14,36942.36,22981.32,29762.704166666666,111.0,106.0,31868.2,45183.23,False
2026-01-15,32333.16,17901.56,22447.76,111.0,103.0,13714.63,39662.68,True
2026-01-16,23163.84,18117.32,19882.6175,106.0,101.0,14804.72,33703.68,True
2026-01-17,34123.36,18927.72,28425.600833333334,112.0,103.0,20804.78,42789.31,True
2026-01-18,42554.76,24410.84,32796.53166666667,139.0,114.0,28118.41,53573.59,False
2026-01-19,41969.84,25197.64,34015.97041666667,152.0,132.0,23176.77,45453.6,True
2026-01-20,43755.44,27089.64,34469.349583333336,142.0,139.0,27214.84,54793.78,False
2026-01-21,39282.76,24008.24,31525.330416666668,140.0,124.0,20840.42,54584.98,True
2026-01-22,38986.24,22982.0,32097.06375,126.0,120.0,18504.19,53150.31,True
2026-01-23,40226.6,22889.88,32482.629166666666,121.0,119.0,18249.51,52717.26,True
2026-01-24,38203.96,21909.68,32159.528333333332,120.0,119.0,20824.16,52913.54,True
2026-01-25,39213.32,22583.04,29732.467916666665,119.0,118.0,28364.98,49764.18,True
2026-01-26,43302.0,27130.0,35992.443333333336,122.0,118.0,36327.22,52606.32,False
2026-01-27,39695.28,21873.08,32029.336666666666,122.0,119.0,21748.01,52895.59,True
2026-01-28,39100.96,21729.6,31727.69875,119.0,117.0,27608.73,51512.78,False
2026-01-29,39319.36,28050.76,33979.33,131.0,118.0,36477.2,48093.12,False
2026-01-30,47117.68,32028.76,38282.6425,141.0,122.0,38571.54,54764.23,True
2026-01-31,42410.04,25042.28,35201.005,134.0,131.0,35085.57,51497.07,False
2026-02-01,36196.2,21055.24,29489.605,133.0,120.0,16652.79,49214.33,False
2026-02-02,39214.12,20552.36,29420.815416666668,120.0,117.0,16261.46,53411.18,True
2026-02-03,32497.52,19278.76,24088.485416666666,117.0,111.0,17023.39,39910.81,True
2026-02-04,32602.0,18792.4,23635.232916666664,114.0,110.0,15439.99,47790.6,True
2026-02-05,32402.24,18432.6,22792.336666666666,115.0,108.0,2552.47,39104.27,True
2026-02-06,35449.04,19544.84,26276.608333333334,115.0,108.0,22789.51,49078.01,True
2026-02-07,34222.08,20273.28,28499.352916666667,116.0,114.0,10031.63,46366.71,True
2026-02-08,33416.76,20082.24,26485.4725,117.0,113.0,6854.49,46335.81,True
2026-02-09,22698.0,19016.56,20606.655416666665,114.0,111.0,14761.37,37013.66,True
2026-02-10,39587.0,21356.92,28973.82083333333,117.0,111.0,24607.36,52705.03,False
2026-02-11,31760.96,17910.84,25052.502916666665,118.0,109.0,9667.49,45357.31,True
2026-02-12,26264.04,16808.24,20380.315,109.0,105.0,1646.76,41211.77,True
2026-02-13,23331.48,15362.32,19147.05041666667,106.0,97.0,-109.55,37016.3,True
2026-02-14,18569.68,14166.76,15351.097499999998,98.0,93.0,-7262.07,32508.79,True
2026-02-15,27662.6,15055.56,18829.915,98.0,92.0,-5535.54,41320.62,True
2026-02-16,37340.04,15454.12,23391.117499999997,111.0,98.0,-4466.64,51421.57,True
2026-02-17,35962.64,16867.24,21545.808333333334,111.0,103.0,-13696.71,40056.9,True
2026-02-18,25288.4,15110.88,18513.827916666665,103.0,95.0,-16923.72,40065.21,True
2026-02-19,21223.0,13742.2,16184.746666666666,96.0,89.0,-16324.37,35855.94,True
2026-02-20,18126.28,13053.16,14341.510833333334,89.0,84.0,-21278.17,26405.69,True
2026-02-21,15917.08,12845.08,13731.125416666668,84.0,83.0,-19793.56,25915.83,True
2026-02-22,21214.52,13305.28,15463.479583333334,88.0,83.0,-16839.06,36703.62,True
2026-02-23,26967.0,15346.8,19444.049166666668,91.0,89.0,20428.03,36850.55,True
2026-02-24,27880.92,14941.6,21754.117083333334,94.0,90.0,9604.37,41998.7,True
2026-02-25,26240.48,15331.08,19798.23375,96.0,92.0,5158.66,40966.28,True
2026-02-26,37248.92,27954.72,32226.095,117.0,97.0,34916.07,47643.01,False
2026-02-27,30283.84,16994.32,24581.565,111.0,101.0,12082.48,44215.72,True
2026-02-28,34031.96,17732.44,25736.779166666664,103.0,102.0,25199.55,43361.92,True
2026-03-01,30999.28,20338.6,26769.670833333334,104.0,102.0,31477.84,39596.76,False
2026-03-02,40833.8,21769.72,31519.629166666666,119.0,102.0,26304.29,48282.29,False
2026-03-03,40016.04,22652.24,32665.04375,115.0,110.0,29487.49,49025.8,False
2026-03-04,33901.0,19820.88,27041.374166666665,110.0,108.0,26377.22,43641.2,False
2026-03-05,43279.28,24090.88,35526.23541666667,131.0,109.0,34439.32,55049.99,False
2026-03-06,33419.0,16992.84,22316.168333333335,118.0,102.0,8315.67,45279.33,True
2026-03-07,30090.48,16619.56,24254.131666666668,103.0,101.0,8455.96,45879.81,True
2026-03-08,30386.72,15639.32,22091.554999999997,102.0,95.0,8849.48,46188.78,True
2026-03-09,33234.4,16451.44,22232.302083333332,99.0,97.0,5613.36,47531.9,True
2026-03-10,26704.32,15299.48,18491.772083333333,99.0,94.0,1826.74,35421.57,True
2026-03-11,25068.56,14983.28,20092.1275,94.0,91.0,5892.69,36858.1,True
2026-03-12,28276.48,14736.6,21213.797083333335,92.0,90.0,2809.84,42827.42,True
2026-03-13,27948.0,14317.2,19376.438333333335,92.0,90.0,4449.68,36679.89,True
2026-03-14,33451.16,25161.76,29386.66791666667,109.0,90.0,31009.96,40492.49,False
2026-03-15,33936.56,16770.24,25290.358333333334,105.0,98.0,13630.25,46802.47,True
2026-03-16,40054.4,17434.16,31005.944166666668,102.0,97.0,19540.49,49678.27,True
2026-03-17,39417.16,19162.2,31109.375833333335,103.0,102.0,22990.79,48882.07,True
2026-03-18,40615.56,18269.04,29306.48,104.0,102.0,18457.4,51592.86,True
2026-03-19,34499.84,14400.52,23717.077083333334,105.0,87.0,4843.44,42905.78,True
2026-03-20,31337.12,13124.84,22928.224583333333,88.0,77.0,3411.93,43197.17,True
2026-03-21,26417.68,11604.56,18154.137916666667,81.0,69.0,-2935.15,32888.75,True
2026-03-22,31983.0,12326.16,20858.857916666668,84.0,73.0,7637.88,44691.3,True
2026-03-23,33133.0,12884.68,23795.02,87.0,76.0,8330.68,45436.08,True
2026-03-24,29769.64,12600.4,23120.297083333335,86.0,75.0,10508.02,41338.28,True
2026-03-25,25554.0,10461.68,18487.825833333332,76.0,62.0,-432.57,38634.72,True
2026-03-26,29096.52,12435.6,21778.28875,81.0,73.0,5935.68,40936.38,True
2026-03-27,33184.04,11697.96,23436.78,86.0,70.0,2768.84,45617.72,True
2026-03-28,33035.36,11151.04,20875.41083333333,85.0,69.0,2132.35,37888.58,True
2026-03-29,27616.04,11129.04,19668.632083333334,76.0,68.0,1220.42,40808.16,True
2026-03-30,34663.04,17382.76,25814.406666666666,91.0,81.0,23025.74,41354.11,True
2026-03-31,36318.36,15077.32,27272.73375,95.0,92.0,12805.18,47190.04,True
2026-04-01,34512.88,12113.84,25309.35208333333,92.0,71.0,854.93,45046.77,True
2026-04-02,35036.88,11050.8,22293.130833333333,90.0,67.0,2533.52,39590.82,True
2026-04-03,23158.0,9973.96,17357.40125,78.0,60.0,-3278.48,33815.53,True
2026-04-04,27262.0,10070.44,17789.549166666668,75.0,62.0,-1150.86,41171.35,True
2026-04-05,28554.0,10904.08,17170.722083333334,76.0,65.0,-9090.98,41050.22,True
2026-04-06,30259.04,10938.32,18936.243333333336,80.0,66.0,-3859.11,43063.13,True
2026-04-07,30961.88,12103.72,21184.286666666667,87.0,73.0,610.26,45181.48,True
2026-04-08,24945.08,10792.56,17114.142083333332,87.0,67.0,-382.92,32831.38,True
2026-04-09,42113.56,24226.64,34011.42291666667,119.0,79.0,29344.77,46860.01,False
2026-04-10,36060.44,12754.68,23366.461666666666,110.0,79.0,-1380.4,43658.54,True
2026-04-11,28531.04,11758.48,19516.10375,82.0,68.0,2280.72,36929.26,True
2026-04-12,28397.0,11674.44,19023.618749999998,79.0,68.0,3289.89,42260.04,True
2026-04-13,39621.04,23187.28,31830.455416666668,103.0,93.0,23020.08,48020.55,True
2026-04-14,38579.6,14176.4,27442.69208333333,103.0,90.0,9074.99,48670.58,True
2026-04-15,38943.76,11631.8,24680.140833333335,98.0,73.0,1629.6,42543.18,True
2026-04-16,35510.04,18838.76,27855.372083333335,90.0,88.0,24491.43,40772.02,False
2026-04-17,33258.36,11225.04,24192.255,89.0,71.0,-3120.32,44269.54,True
2026-04-18,29775.04,10002.0,18254.625833333335,84.0,69.0,-10149.91,33317.56,True
2026-04-19,23025.96,9731.2,16273.77625,71.0,61.0,-10517.05,32523.69,True
2026-04-20,28428.96,10395.68,16836.579166666666,74.0,66.0,-7646.06,40246.3,True
2026-04-21,31821.0,18676.56,25845.894166666665,86.0,78.0,24509.54,37831.68,False
2026-04-22,36047.0,12136.24,25866.927083333332,87.0,73.0,5006.71,45858.03,True
2026-04-23,35079.52,11458.28,22555.248333333333,89.0,71.0,-3409.19,40235.43,True
2026-04-24,23950.24,9509.4,16332.405833333332,74.0,58.0,-14987.79,33026.11,True
2026-04-25,21584.08,9198.04,14837.975,64.0,55.0,-16939.68,30186.33,True
2026-04-26,29497.88,9464.36,17693.599583333333,75.0,54.0,3196.69,39750.24,True
2026-04-27,32316.12,9918.56,20797.84875,79.0,59.0,-5652.94,37113.25,True
2026-04-28,34492.36,11761.8,23966.542083333334,83.0,69.0,6378.88,45106.93,True
2026-04-29,34355.84,11509.12,22812.806666666667,83.0,66.0,-6414.73,43904.12,True
2026-04-30,27390.52,10451.04,19536.68125,83.0,65.0,-6800.79,39651.79,True
2026-05-01,27345.48,8467.08,17130.943750000002,67.0,51.0,-15367.59,22392.85,True
2026-05-02,35853.2,23318.48,30937.812083333334,96.0,68.0,18503.2,30853.14,False
2026-05-03,30611.24,11570.6,20218.597083333334,95.0,69.0,-16240.2,29807.98,True
2026-05-04,27281.12,8547.68,14798.082083333333,76.0,53.0,-25600.91,19903.31,True
2026-05-05,14916.0,7856.28,10770.639166666666,58.0,50.0,-36334.63,15023.94,True
2026-05-06,22879.48,8257.4,13204.276666666667,74.0,49.0,-29823.68,23343.29,True
2026-05-07,29604.04,9725.16,18264.74125,83.0,63.0,-26028.99,31604.42,True
2026-05-08,28599.32,10254.72,17865.249583333334,83.0,66.0,-20075.92,27858.48,True
2026-05-09,19682.68,7821.16,10856.574583333333,72.0,52.0,-34249.13,15025.0,True
2026-05-10,23189.0,8610.24,13435.097499999998,68.0,58.0,-24810.35,26229.28,True
2026-05-11,32500.04,11324.6,23400.2175,86.0,68.0,-3362.96,37201.94,True
2026-05-12,34843.44,11807.76,21959.834583333333,87.0,72.0,-13857.66,29374.97,True
2026-05-13,28868.0,11354.52,19211.7,85.0,71.0,-10669.44,31304.78,True
2026-05-14,29487.08,11325.52,21494.84833333333,84.0,72.0,-6571.64,32986.6,True
2026-05-15,25434.32,10678.68,17538.77875,83.0,66.0,-18427.95,28707.18,True
2026-05-16,23563.6,10079.16,17095.5025,76.0,63.0,-14337.65,26544.22,True
2026-05-17,22852.24,11259.8,17040.555416666666,78.0,73.0,222.13,23870.53,True
2026-05-18,36401.4,17636.16,29255.82875,109.0,81.0,10181.6,33965.47,False
2026-05-19,33552.48,20477.36,26658.843333333334,102.0,98.0,18061.2,31377.84,False
2026-05-20,28815.0,16344.16,22253.67958333333,99.0,87.0,13193.11,26344.62,False
2026-05-21,30937.68,10737.12,19281.750416666666,89.0,62.0,-16346.54,34116.64,True
2026-05-22,31572.64,13466.28,22619.038333333334,79.0,77.0,6206.9,29884.36,True
2026-05-23,28809.76,12296.52,22095.382083333334,80.0,73.0,-1056.19,33176.46,True
2026-05-24,27807.4,11927.76,19354.247083333332,81.0,73.0,-3656.69,27036.58,True
2026-05-25,32388.0,19282.28,25630.197083333333,96.0,85.0,16737.5,29898.6,False
2026-05-26,29980.04,18505.24,25137.25833333333,96.0,94.0,13649.86,25921.71,True
2026-05-27,35523.68,22658.72,27229.36,97.0,94.0,17403.11,35202.91,True
2026-05-28,30321.36,9741.56,19069.685416666667,96.0,57.0,-16827.29,31724.21,True
2026-05-29,32094.64,10012.44,20419.287916666668,88.0,63.0,-13635.22,33251.35,True
2026-05-30,25116.8,10825.04,15109.192916666667,88.0,64.0,-16182.31,22822.3,True
2026-05-31,17428.88,9310.04,11458.394583333335,67.0,58.0,-26825.16,17424.47,True
2026-06-01,22555.44,9382.44,14737.619583333333,75.0,57.0,-11689.1,29009.33,True
2026-06-02,26496.96,11244.6,17393.62875,80.0,66.0,-12048.04,29525.22,True
2026-06-03,29331.0,12988.32,21466.445833333335,80.0,76.0,-841.25,32314.73,True
2026-06-04,28481.92,11699.52,19912.648333333334,88.0,67.0,-11552.85,34234.91,True
2026-06-05,31365.44,12108.32,21061.122916666667,88.0,72.0,-11212.07,33918.79,True
2026-06-06,29352.64,20335.28,24291.78125,91.0,84.0,16734.92,27087.02,True
2026-06-07,28634.28,12222.04,19304.082916666666,88.0,73.0,-7567.14,32778.57,True
2026-06-08,30899.44,9937.12,16750.835,79.0,60.0,-14137.14,25314.63,True
2026-06-09,27379.24,9191.4,16357.223333333333,77.0,59.0,-16512.58,32206.69,True
2026-06-10,32633.88,10691.32,21286.632916666666,80.0,67.0,-14953.42,33504.93,True
2026-06-11,32975.28,12030.4,22040.047083333335,85.0,73.0,-12158.29,35968.49,True
2026-06-12,32259.0,12304.8,20541.65166666667,86.0,75.0,-2666.28,29624.84,True
2026-06-13,24858.12,10927.8,17172.23791666667,77.0,66.0,-8412.41,28392.44,True
2026-06-14,25742.56,10907.08,17587.60625,76.0,65.0,-10948.11,28675.13,True
2026-06-15,23395.0,10733.32,16747.05791666667,74.0,66.0,-10187.21,26881.03,True
2026-06-16,24471.68,10593.24,17736.118749999998,73.0,64.0,-12089.22,25106.81,True
2026-06-17,31601.72,12029.16,21148.702916666665,83.0,71.0,-3036.44,35596.19,True
2026-06-18,36620.68,16523.56,28567.119166666667,93.0,83.0,11461.16,35936.79,False
2026-06-19,36202.88,23876.04,29535.081666666665,99.0,94.0,22516.34,33586.22,False
2026-06-20,32410.76,12092.92,21435.34,96.0,69.0,-6946.4,34166.86,True
2026-06-21,35779.56,21912.08,28379.61208333333,89.0,79.0,16662.69,31078.81,False
2026-06-22,30589.8,12118.36,20559.20625,85.0,70.0,-4989.95,28267.01,True
2026-06-23,29479.24,12356.2,19568.887916666667,81.0,70.0,-8798.15,27332.82,True
2026-06-24,28683.84,12631.92,21094.80875,86.0,73.0,-7315.07,31256.03,True
2026-06-25,30734.04,12693.6,20643.93875,88.0,76.0,-9150.13,30250.28,True
2026-06-26,32403.16,13237.8,22803.364583333332,87.0,81.0,-4172.21,33959.19,True
2026-06-27,32278.0,11182.76,19295.7775,88.0,67.0,-9925.75,28737.29,True
2026-06-28,24769.96,11610.24,16913.767916666668,88.0,69.0,-8886.2,24956.9,True
2026-06-29,30208.56,14152.28,22787.59708333333,89.0,84.0,3023.24,29082.12,True
2026-07-01,39894.12,15778.0,29222.005833333333,101.0,92.0,11433.03,37588.06,True
2026-07-02,35489.92,15501.2,26285.930416666666,100.0,89.0,-631.81,32502.46,True
2026-07-03,35525.64,15050.6,25407.123333333333,95.0,80.0,2529.42,30699.8,False
2026-07-04,32146.0,12876.76,22341.654583333333,92.0,72.0,-3508.65,38327.45,True
2026-07-05,31665.12,13564.0,23654.93375,83.0,78.0,3688.16,31825.31,False
2026-07-06,36702.76,16056.76,28212.300416666665,89.0,83.0,8941.52,36246.55,True
2026-07-07,35489.0,22736.92,28941.864166666666,91.0,85.0,15571.4,31289.16,True
2026-07-08,37209.16,13808.44,25455.970416666667,89.0,75.0,-116.72,34092.79,True
2026-07-09,32272.04,13980.96,23479.888333333332,86.0,77.0,1654.45,29947.18,True
2026-07-10,37560.04,16151.64,26875.330833333337,100.0,88.0,4873.73,34849.15,False
2026-07-11,44330.0,19689.08,31276.95125,121.0,100.0,6358.13,45127.14,True
2026-07-12,42555.04,23842.24,32898.380833333336,122.0,107.0,15443.31,37655.21,True
2026-07-13,36755.64,26205.76,32570.77125,107.0,98.0,17289.68,29240.26,False
2026-07-14,46939.96,26384.0,34323.518749999996,121.0,105.0,19288.65,45023.19,False
2026-07-15,42841.48,32378.36,38221.21958333333,121.0,118.0,29315.24,38869.56,False
2026-07-16,48017.04,24532.68,37542.9275,120.0,114.0,21373.68,45732.53,True
2026-07-17,46474.6,28469.24,35366.208333333336,115.0,104.0,26998.66,41516.46,False
2026-07-18,37689.44,11984.04,25499.209166666667,105.0,66.0,-1264.88,40627.43,True
2026-07-19,42018.96,13694.04,25672.756250000002,91.0,75.0,482.24,37632.87,True
2026-07-20,35904.32,12277.28,23410.171666666665,90.0,71.0,-5577.27,33270.82,True
2026-07-21,39508.64,14008.92,27525.507916666666,100.0,82.0,-1908.72,40332.16,True
2026-07-22,41929.76,17266.48,30832.706666666665,104.0,95.0,5216.9,42965.05,False
